{
  "MSE": 0.5557102956108458,
  "RMSE": 0.7454597880575758,
  "MAE": 0.5331680864943675,
  "R2": 0.5759260621391389
}